City_ID,City,Country,Date,Lat,Lng,Max Temp,Humidity,Cloudiness,Wind Speed
0,Pisco,PE,2021-09-28 03:20:40,-13.7,-76.2167,61.02,88,0,10.36
1,Camacha,PT,2021-09-28 03:20:40,33.0833,-16.3333,68.76,78,20,8.05
2,Saint-Philippe,RE,2021-09-28 03:20:41,-21.3585,55.7679,71.15,78,40,14.03
3,Mount Gambier,AU,2021-09-28 03:18:20,-37.8333,140.7667,69.73,44,79,6.44
4,East London,ZA,2021-09-28 03:20:43,-33.0153,27.9116,59.94,94,90,13.8
5,Harper,LR,2021-09-28 03:20:45,4.375,-7.7169,76.1,90,96,6.67
6,Rikitea,PF,2021-09-28 03:20:45,-23.1203,-134.9692,73.15,75,37,21.14
7,Saulkrasti,LV,2021-09-28 03:20:48,57.2622,24.4147,49.95,90,1,7.56
8,Creel,MX,2021-09-28 03:20:48,27.75,-107.6333,51.46,83,3,3.31
9,Mataura,NZ,2021-09-28 03:20:49,-46.1927,168.8643,55.47,48,85,4.25
10,Vaini,TO,2021-09-28 03:20:49,-21.2,-175.2,77.16,83,75,5.75
11,Belmonte,BR,2021-09-28 03:20:50,-15.8631,-38.8828,75.7,87,30,6.85
12,Russkaya Polyana,UA,2021-09-28 03:20:50,49.417,31.9201,44.31,94,7,6.55
13,Cape Town,ZA,2021-09-28 03:20:51,-33.9258,18.4232,51.1,77,20,2.3
14,Punta Arenas,CL,2021-09-28 03:18:19,-53.15,-70.9167,37.51,87,40,9.22
15,Flin Flon,CA,2021-09-28 03:20:51,54.7682,-101.865,53.28,74,2,6.2
16,Ushuaia,AR,2021-09-28 03:20:51,-54.8,-68.3,36.9,94,93,3.15
17,Fare,PF,2021-09-28 03:20:52,-16.7,-151.0167,79.32,76,14,18.43
18,Tabuk,PH,2021-09-28 03:20:52,17.4189,121.4443,87.24,63,46,3.44
19,Carnarvon,AU,2021-09-28 03:20:53,-24.8667,113.6333,77.07,33,58,8.05
20,Atuona,PF,2021-09-28 03:20:53,-9.8,-139.0333,78.06,72,14,19.22
21,Tuktoyaktuk,CA,2021-09-28 03:20:54,69.4541,-133.0374,28.4,86,20,5.75
22,Statesboro,US,2021-09-28 03:16:33,32.4488,-81.7832,70.48,88,1,0.0
23,Albany,US,2021-09-28 03:20:54,42.6001,-73.9662,68.58,84,100,5.01
24,Aklavik,CA,2021-09-28 03:20:55,68.2191,-135.0107,31.03,91,75,5.61
25,Kigorobya,UG,2021-09-28 03:20:55,1.6162,31.3089,64.8,91,99,2.21
26,Talnakh,RU,2021-09-28 03:20:56,69.4865,88.3972,34.54,52,99,1.1
27,Busselton,AU,2021-09-28 03:20:56,-33.65,115.3333,64.04,64,100,8.1
28,Bredasdorp,ZA,2021-09-28 03:20:57,-34.5322,20.0403,48.27,90,1,5.99
29,Bonavista,CA,2021-09-28 03:20:57,48.6499,-53.1147,58.12,85,17,15.95
30,Qasigiannguit,GL,2021-09-28 03:20:58,68.8193,-51.1922,21.45,73,0,5.28
31,Cayenne,GF,2021-09-28 03:20:58,4.9333,-52.3333,83.08,80,0,1.01
32,Izhma,RU,2021-09-28 03:20:58,65.0083,53.9113,39.81,86,98,4.12
33,Mantua,IT,2021-09-28 03:20:59,45.1667,10.7833,63.55,86,5,1.12
34,Kaitangata,NZ,2021-09-28 03:20:59,-46.2817,169.8464,52.93,61,87,4.68
35,Swellendam,ZA,2021-09-28 03:21:00,-34.0226,20.4417,48.7,91,33,1.59
36,Isangel,VU,2021-09-28 03:21:00,-19.55,169.2667,80.71,65,75,11.5
37,Zhigansk,RU,2021-09-28 03:21:01,66.7697,123.3711,38.88,65,59,27.47
38,Puerto Ayora,EC,2021-09-28 03:21:01,-0.7393,-90.3518,68.94,92,94,7.65
39,Kodiak,US,2021-09-28 03:21:02,57.79,-152.4072,44.37,64,100,3.11
40,Megion,RU,2021-09-28 03:21:02,61.0296,76.1136,35.62,80,11,8.75
41,New Norfolk,AU,2021-09-28 03:21:03,-42.7826,147.0587,60.3,59,100,1.01
42,Kavieng,PG,2021-09-28 03:21:03,-2.5744,150.7967,85.35,68,77,9.24
43,Chapais,CA,2021-09-28 03:21:04,49.7834,-74.8492,42.58,93,95,7.99
44,Port Lincoln,AU,2021-09-28 03:21:04,-34.7333,135.8667,68.16,50,48,3.8
45,Quatre Cocos,MU,2021-09-28 03:21:05,-20.2078,57.7625,73.09,68,95,13.02
46,Barrow,US,2021-09-28 03:17:58,71.2906,-156.7887,30.22,86,90,10.36
47,Westport,US,2021-09-28 03:17:47,41.1415,-73.3579,73.27,69,1,1.01
48,Lucapa,AO,2021-09-28 03:21:06,-8.4192,20.7447,65.03,93,91,3.33
49,Wenling,CN,2021-09-28 03:21:06,28.3669,121.36,90.91,69,12,5.95
50,San Cristobal,VE,2021-09-28 03:21:06,7.7669,-72.225,65.7,96,52,2.77
51,Khatanga,RU,2021-09-28 03:21:07,71.9667,102.5,31.35,63,99,8.23
52,Norman Wells,CA,2021-09-28 03:21:07,65.282,-126.8329,32.04,100,90,2.3
53,Tiksi,RU,2021-09-28 03:21:08,71.6872,128.8694,32.9,94,99,3.58
54,Flinders,AU,2021-09-28 03:21:08,-34.5833,150.8552,76.8,62,26,4.0
55,Mar Del Plata,AR,2021-09-28 03:19:10,-38.0023,-57.5575,48.87,74,0,4.0
56,Grand Gaube,MU,2021-09-28 03:21:09,-20.0064,57.6608,73.38,69,95,5.01
57,Buala,SB,2021-09-28 03:21:10,-8.145,159.5921,81.86,76,100,5.59
58,Tasiilaq,GL,2021-09-28 03:21:10,65.6145,-37.6368,35.76,56,7,6.62
59,Enumclaw,US,2021-09-28 03:21:11,47.2043,-121.9915,53.37,94,100,5.61
60,Samarai,PG,2021-09-28 03:21:11,-10.6167,150.6667,79.93,82,90,12.03
61,Sungairaya,ID,2021-09-28 03:21:12,0.7,108.9,86.92,62,41,3.44
62,Dingle,PH,2021-09-28 03:21:12,10.9995,122.6711,86.5,70,100,4.97
63,Yulara,AU,2021-09-28 03:21:13,-25.2406,130.9889,84.04,14,0,17.27
64,Lorengau,PG,2021-09-28 03:21:13,-2.0226,147.2712,85.89,64,60,7.9
65,Arraial Do Cabo,BR,2021-09-28 03:21:14,-22.9661,-42.0278,71.46,88,40,13.8
66,Yellowknife,CA,2021-09-28 03:21:14,62.456,-114.3525,41.56,81,20,8.01
67,Bubaque,GW,2021-09-28 03:21:15,11.2833,-15.8333,81.73,79,100,11.23
68,Ilulissat,GL,2021-09-28 03:21:15,69.2167,-51.1,21.22,38,0,17.27
69,Mehriz,IR,2021-09-28 03:21:16,31.5917,54.4318,61.3,25,0,2.51
70,Kargala,RU,2021-09-28 03:21:17,56.6208,83.9607,35.94,72,46,5.03
71,Sayat,TM,2021-09-28 03:21:17,38.7839,63.8803,62.47,40,0,7.23
72,Verkh-Usugli,RU,2021-09-28 03:21:17,52.7,115.1667,42.76,41,58,7.34
73,Nanortalik,GL,2021-09-28 03:21:18,60.1432,-45.2371,34.7,69,0,4.07
74,Silifke,TR,2021-09-28 03:21:18,36.3778,33.9344,73.8,34,0,7.99
75,Kargopol,RU,2021-09-28 03:21:19,61.5071,38.9456,38.3,98,75,2.51
76,Long Beach,US,2021-09-28 03:21:20,33.767,-118.1892,69.03,83,90,5.01
77,Kapaa,US,2021-09-28 03:21:21,22.0752,-159.319,79.12,74,75,5.99
78,Saldanha,ZA,2021-09-28 03:21:22,-33.0117,17.9442,44.65,78,2,12.84
79,Dondo,MZ,2021-09-28 03:21:22,-19.6094,34.7431,67.51,85,8,4.76
80,Sobolevo,RU,2021-09-28 03:21:23,54.4299,31.8996,45.28,93,100,7.0
81,Auki,SB,2021-09-28 03:21:24,-8.7676,160.7034,83.32,73,63,3.18
82,Chuy,UY,2021-09-28 03:21:25,-33.6971,-53.4616,57.09,97,100,6.44
83,Lebu,CL,2021-09-28 03:21:25,-37.6167,-73.65,47.25,77,88,9.86
84,Wanning,CN,2021-09-28 03:21:26,18.8003,110.3967,85.68,69,1,6.8
85,Hobyo,SO,2021-09-28 03:21:26,5.3505,48.5268,77.18,82,30,22.48
86,Nicoya,CR,2021-09-28 03:21:28,10.1483,-85.452,76.55,91,100,1.16
87,Urdoma,RU,2021-09-28 03:21:28,61.7533,48.5442,31.69,92,54,1.72
88,Madimba,TZ,2021-09-28 03:21:29,-10.4,40.3333,71.22,87,1,3.62
89,Narbonne,FR,2021-09-28 03:21:29,43.0833,2.8333,63.32,61,48,7.07
90,Kununurra,AU,2021-09-28 03:20:48,-15.7667,128.7333,96.78,32,97,11.5
91,Axim,GH,2021-09-28 03:21:30,4.8699,-2.2405,75.74,90,92,5.32
92,Kerikeri,NZ,2021-09-28 03:21:31,-35.2268,173.9474,62.91,53,8,11.99
93,Karibib,NA,2021-09-28 03:21:32,-21.9333,15.8333,58.77,50,1,2.01
94,Severnoye,RU,2021-09-28 03:21:34,56.3491,78.3619,38.82,83,26,6.31
95,Chulman,RU,2021-09-28 03:21:34,56.8479,124.9104,37.69,91,99,4.72
96,Bluff,NZ,2021-09-28 03:21:36,-46.6,168.3333,55.8,66,94,14.27
97,Bethel,US,2021-09-28 03:21:37,41.3712,-73.414,72.01,73,1,10.36
98,La Ronge,CA,2021-09-28 03:21:38,55.1001,-105.2842,57.45,72,1,6.91
99,Vila Franca Do Campo,PT,2021-09-28 03:21:38,37.7167,-25.4333,70.2,90,19,6.46
100,Hilo,US,2021-09-28 03:21:39,19.7297,-155.09,81.28,76,75,8.05
101,Saskylakh,RU,2021-09-28 03:21:40,71.9167,114.0833,28.58,85,21,9.8
102,Bambous Virieux,MU,2021-09-28 03:21:41,-20.3428,57.7575,73.22,83,75,14.97
103,Souillac,MU,2021-09-28 03:21:42,-20.5167,57.5167,73.36,83,75,14.97
104,Mayskiy,RU,2021-09-28 03:21:42,47.6931,40.1025,56.44,83,100,6.24
105,Sao Filipe,CV,2021-09-28 03:21:43,14.8961,-24.4956,79.03,80,37,4.99
106,Port Elizabeth,ZA,2021-09-28 03:21:43,-33.918,25.5701,60.1,77,0,19.57
107,Sulangan,PH,2021-09-28 03:21:44,11.1373,123.7228,84.04,72,72,8.97
108,Amargosa,BR,2021-09-28 03:21:45,-13.0303,-39.6047,65.64,97,51,5.91
109,Thompson,CA,2021-09-28 03:21:45,55.7435,-97.8558,51.96,76,75,5.75
110,Bengkulu,ID,2021-09-28 03:21:45,-3.8004,102.2655,83.26,73,41,3.87
111,Sai Buri,TH,2021-09-28 03:21:46,6.7013,101.6168,87.82,72,75,1.07
112,Korla,CN,2021-09-28 03:21:47,41.7597,86.1469,74.34,18,0,5.48
113,Coihueco,CL,2021-09-28 03:21:47,-36.6167,-71.8333,45.34,61,40,4.61
114,Adrar,MR,2021-09-28 03:21:49,20.5022,-10.0711,88.66,11,0,5.95
115,Ulladulla,AU,2021-09-28 03:21:49,-35.35,150.4667,72.77,49,19,13.56
116,Namatanai,PG,2021-09-28 03:21:51,-3.6667,152.4333,85.39,67,87,6.13
117,Mecca,SA,2021-09-28 03:21:51,21.4267,39.8261,82.81,52,92,4.36
118,Avera,US,2021-09-28 03:21:52,33.194,-82.5271,67.71,64,0,5.06
119,Beringovskiy,RU,2021-09-28 03:21:52,63.05,179.3167,39.16,74,100,3.4
120,Portland,US,2021-09-28 03:21:53,45.5234,-122.6762,56.52,93,77,1.01
121,Broome,US,2021-09-28 03:21:53,42.2506,-75.833,66.58,70,75,1.01
122,Konevo,RU,2021-09-28 03:21:55,62.1215,39.3192,41.52,91,93,1.97
123,Clinton,US,2021-09-28 03:21:55,42.587,-82.9199,66.94,85,75,1.01
124,Qaanaaq,GL,2021-09-28 03:21:57,77.484,-69.3632,24.48,67,100,7.78
125,Kamwenge,UG,2021-09-28 03:21:58,0.1866,30.4539,59.97,99,59,1.19
126,Naryan-Mar,RU,2021-09-28 03:21:59,67.6713,53.087,44.74,96,100,8.5
127,Hambantota,LK,2021-09-28 03:22:00,6.1241,81.1185,84.16,67,98,22.15
128,Gaziantep,TR,2021-09-28 03:22:00,37.0594,37.3825,64.06,62,0,2.3
129,Karratha,AU,2021-09-28 03:22:00,-20.7377,116.8463,82.83,21,92,6.26
130,Kaniama,CD,2021-09-28 03:22:01,-7.5667,24.1833,67.3,90,99,6.58
131,Balvi,LV,2021-09-28 03:22:01,57.1313,27.2658,40.19,97,5,4.59
132,Dikson,RU,2021-09-28 03:22:03,73.5069,80.5464,35.04,86,100,20.51
133,Severo-Kurilsk,RU,2021-09-28 03:22:03,50.6789,156.125,51.93,76,60,10.45
134,Hongjiang,CN,2021-09-28 03:22:04,27.11,109.9956,91.08,51,0,4.65
135,Butaritari,KI,2021-09-28 03:22:05,3.0707,172.7902,84.04,71,7,17.56
136,Naze,JP,2021-09-28 03:21:07,28.3667,129.4833,83.32,80,14,15.86
137,Georgetown,MY,2021-09-28 03:21:55,5.4112,100.3354,87.73,77,20,8.05
138,Lalmohan,BD,2021-09-28 03:22:06,22.3384,90.7419,79.84,87,100,25.93
139,Katsuura,JP,2021-09-28 03:22:07,35.1333,140.3,77.04,64,94,15.37
140,Luderitz,NA,2021-09-28 03:22:08,-26.6481,15.1594,54.55,81,4,18.7
141,Provideniya,RU,2021-09-28 03:22:08,64.3833,-173.3,33.91,64,0,6.71
142,Faanui,PF,2021-09-28 03:22:10,-16.4833,-151.75,79.36,77,24,17.85
143,Pangkalanbuun,ID,2021-09-28 03:22:11,-2.6833,111.6167,86.52,67,38,3.8
144,Hermanus,ZA,2021-09-28 03:22:12,-34.4187,19.2345,54.9,74,42,5.5
145,Mahebourg,MU,2021-09-28 03:22:12,-20.4081,57.7,73.26,83,75,14.97
146,Hithadhoo,MV,2021-09-28 03:22:14,-0.6,73.0833,83.16,72,99,14.83
147,Cidreira,BR,2021-09-28 03:22:15,-30.1811,-50.2056,65.88,94,3,11.95
148,Airai,TL,2021-09-28 03:22:15,-8.9266,125.4092,81.84,29,27,2.8
149,Sao Joao Da Barra,BR,2021-09-28 03:22:16,-21.6403,-41.0511,72.5,88,100,15.3
150,Alekseyevsk,RU,2021-09-28 03:22:18,57.8406,108.3492,36.36,97,100,1.81
151,Farafangana,MG,2021-09-28 03:22:20,-22.8167,47.8333,68.72,85,51,3.69
152,Artyom,AZ,2021-09-28 03:22:20,40.4723,50.333,60.94,65,27,13.78
153,Hami,CN,2021-09-28 03:22:21,42.8,93.45,72.09,15,2,6.58
154,Ucluelet,CA,2021-09-28 03:18:44,48.9329,-125.5528,54.09,91,100,7.52
155,Cabo San Lucas,MX,2021-09-28 03:19:57,22.8909,-109.9124,82.62,74,4,8.21
156,West Wendover,US,2021-09-28 03:22:22,40.7391,-114.0733,69.01,19,1,0.0
157,Coromandel,BR,2021-09-28 03:22:22,-18.4733,-47.2003,72.82,49,100,4.45
158,Klaksvik,FO,2021-09-28 03:22:23,62.2266,-6.589,47.32,78,100,22.03
159,Amucao,PH,2021-09-28 03:22:23,15.4641,120.6864,88.11,69,27,1.25
160,George Town,MY,2021-09-28 03:21:55,5.4112,100.3354,87.73,77,20,8.05
161,Nabire,ID,2021-09-28 03:22:24,-3.3667,135.4833,87.01,61,37,5.48
162,Geraldton,AU,2021-09-28 03:22:24,-28.7667,114.6,73.81,43,9,4.61
163,Raudeberg,NO,2021-09-28 03:22:25,61.9875,5.1352,55.2,81,100,8.01
164,Kruisfontein,ZA,2021-09-28 03:22:25,-34.0033,24.7314,57.88,83,100,12.24
165,Clyde River,CA,2021-09-28 03:22:26,70.4692,-68.5914,27.25,88,48,12.95
166,Castro,BR,2021-09-28 03:22:26,-24.7911,-50.0119,61.97,78,16,4.21
167,Corrente,BR,2021-09-28 03:22:28,-3.7367,-43.3394,76.53,85,72,5.1
168,Iqaluit,CA,2021-09-28 03:22:28,63.7506,-68.5145,31.73,74,75,5.01
169,Ribeira Grande,PT,2021-09-28 03:22:28,38.5167,-28.7,70.09,82,82,10.18
170,Shar,KZ,2021-09-28 03:22:29,49.5886,81.0453,43.09,58,72,3.0
171,Upernavik,GL,2021-09-28 03:22:29,72.7868,-56.1549,24.73,56,30,5.46
172,Wageningen,NL,2021-09-28 03:22:30,51.9667,5.6667,53.94,91,72,3.44
173,Sitka,US,2021-09-28 03:22:30,57.0531,-135.33,48.09,87,90,3.44
174,Lisala,CD,2021-09-28 03:22:31,2.15,21.5167,68.14,99,73,0.94
175,Vardo,NO,2021-09-28 03:22:31,70.3705,31.1107,50.2,85,93,18.7
176,Teguldet,RU,2021-09-28 03:22:32,57.3064,88.1667,39.69,74,21,3.27
177,Hobart,AU,2021-09-28 03:22:33,-42.8794,147.3294,60.66,54,75,8.05
178,Wattegama,LK,2021-09-28 03:22:33,6.7989,81.4808,80.8,65,100,5.66
179,Pacific Grove,US,2021-09-28 03:19:29,36.6177,-121.9166,68.25,90,90,3.0
180,Conceicao Do Araguaia,BR,2021-09-28 03:22:33,-8.2578,-49.2647,79.25,53,5,0.58
181,Sinnamary,GF,2021-09-28 03:22:35,5.3833,-52.95,79.59,84,90,10.49
182,Pevek,RU,2021-09-28 03:22:35,69.7008,170.3133,23.74,74,100,5.61
183,Melilla,ES,2021-09-28 03:22:37,35.2937,-2.9383,62.98,100,75,0.0
184,Plettenberg Bay,ZA,2021-09-28 03:22:38,-34.0527,23.3716,56.52,81,100,6.89
185,Oncesti,RO,2021-09-28 03:22:40,46.4667,27.25,56.66,53,100,3.2
186,Abu Kamal,SY,2021-09-28 03:22:41,34.4506,40.9171,72.79,33,0,7.29
187,Bac Lieu,VN,2021-09-28 03:22:42,9.285,105.7244,85.87,69,60,8.97
188,Smolyaninovo,RU,2021-09-28 03:22:43,43.2956,132.4675,71.06,62,82,3.33
189,Grimshaw,CA,2021-09-28 03:22:44,56.1834,-117.6027,43.5,93,20,0.0
190,Clarence Town,AU,2021-09-28 03:22:45,-32.5833,151.7833,76.06,37,11,0.78
191,Hargeysa,SO,2021-09-28 03:22:45,9.56,44.065,74.03,50,89,12.21
192,Cairns,AU,2021-09-28 03:19:07,-16.9167,145.7667,89.06,62,90,13.8
193,Ossora,RU,2021-09-28 03:22:46,59.2353,163.0719,46.49,53,89,6.38
194,Kidal,ML,2021-09-28 03:22:47,18.4411,1.4078,82.71,14,0,12.06
195,Bilma,NE,2021-09-28 03:22:47,18.6853,12.9164,82.58,21,4,9.64
196,Krasnaya Zarya,RU,2021-09-28 03:22:48,52.7825,37.6806,45.36,91,100,11.7
197,Abu Dhabi,AE,2021-09-28 03:22:19,24.4667,54.3667,87.82,66,0,3.44
198,Avarua,CK,2021-09-28 03:22:00,-21.2078,-159.775,77.05,78,90,4.61
199,Pingliang,CN,2021-09-28 03:22:49,35.5392,106.6861,67.41,61,0,3.65
200,Hashtrud,IR,2021-09-28 03:22:49,37.4779,47.0508,51.66,46,0,3.71
201,Mackay,AU,2021-09-28 03:22:50,-21.15,149.2,79.05,64,23,12.21
202,Presidencia Roque Saenz Pena,AR,2021-09-28 03:22:51,-26.7852,-60.4388,83.26,39,35,10.58
203,Sinyavskoye,RU,2021-09-28 03:22:51,47.277,39.2789,57.76,74,100,9.22
204,Hovd,MN,2021-09-28 03:22:51,48.0056,91.6419,34.57,37,33,5.61
205,Ilhabela,BR,2021-09-28 03:22:52,-23.7781,-45.3581,67.23,88,3,5.06
206,Jamame,SO,2021-09-28 03:22:52,0.0722,42.7506,76.8,79,44,10.11
207,Marzuq,YE,2021-09-28 03:22:53,14.4,46.4667,75.06,42,42,0.49
208,Byron Bay,AU,2021-09-28 03:22:53,-28.65,153.6167,73.51,47,79,8.28
209,Saint George,US,2021-09-28 03:22:07,37.1041,-113.5841,80.94,36,1,4.0
210,Polunochnoye,RU,2021-09-28 03:22:54,60.8697,60.4153,29.71,91,99,3.02
211,Inhambane,MZ,2021-09-28 03:22:55,-23.865,35.3833,69.78,100,40,4.61
212,Longyearbyen,SJ,2021-09-28 03:22:56,78.2186,15.6401,33.64,93,90,3.44
213,Canon City,US,2021-09-28 03:22:57,38.441,-105.2424,73.38,38,75,1.01
214,Gat,IL,2021-09-28 03:22:57,31.61,34.7642,72.39,100,1,4.45
215,Port Alfred,ZA,2021-09-28 03:22:58,-33.5906,26.891,61.38,84,100,17.05
216,Marsa Matruh,EG,2021-09-28 03:22:58,31.3525,27.2453,73.27,73,0,10.13
217,Riyadh,SA,2021-09-28 03:18:59,24.6877,46.7219,69.94,17,87,8.19
218,Sur,OM,2021-09-28 03:23:00,22.5667,59.5289,85.21,60,96,6.29
219,Palmer,US,2021-09-28 03:23:01,42.1584,-72.3287,68.47,72,75,4.0
220,Ballina,AU,2021-09-28 03:23:01,-28.8667,153.5667,73.58,47,62,10.16
221,Las Vegas,US,2021-09-28 03:22:42,36.175,-115.1372,88.34,33,1,9.22
222,Mbaiki,CF,2021-09-28 03:23:02,3.8678,17.9892,68.38,98,100,1.36
223,Egvekinot,RU,2021-09-28 03:23:03,66.3167,-179.1667,26.64,90,100,3.91
224,Mount Isa,AU,2021-09-28 03:23:04,-20.7333,139.5,96.57,10,53,8.05
225,Cabedelo,BR,2021-09-28 03:23:05,-6.9811,-34.8339,75.87,84,71,16.73
226,Pochutla,MX,2021-09-28 03:23:07,15.7432,-96.4661,79.65,85,99,2.71
227,Palana,RU,2021-09-28 03:23:08,59.1167,159.9667,41.68,80,100,23.4
228,Jamestown,US,2021-09-28 03:23:09,42.097,-79.2353,67.32,87,20,1.99
229,Buta,CD,2021-09-28 03:23:10,2.7858,24.73,68.86,99,99,0.81
230,Manama,BH,2021-09-28 03:21:11,26.2154,50.5832,86.34,70,0,5.75
231,Solnechnyy,RU,2021-09-28 03:23:11,50.7214,136.6319,68.16,50,15,6.08
232,Mehamn,NO,2021-09-28 03:23:11,71.0357,27.8492,55.35,67,0,17.27
233,Gamboma,CG,2021-09-28 03:23:12,-1.8764,15.8644,71.8,89,99,2.35
234,Victoria,HK,2021-09-28 03:18:49,22.2855,114.1577,89.33,75,6,1.01
235,Mayo,US,2021-09-28 03:23:14,38.8876,-76.5119,71.94,69,1,1.99
236,Ponta Do Sol,PT,2021-09-28 03:23:14,32.6667,-17.1,72.23,71,54,2.59
237,Deputatskiy,RU,2021-09-28 03:23:15,69.3,139.9,25.18,59,95,7.58
238,Gushikawa,JP,2021-09-28 03:23:16,26.3544,127.8686,85.62,74,40,18.41
239,Kahului,US,2021-09-28 03:23:17,20.8947,-156.47,80.62,83,40,16.11
240,Ankpa,NG,2021-09-28 03:22:11,7.3706,7.6253,69.62,99,54,4.7
241,Castanheira De Pera,PT,2021-09-28 03:23:18,40.0072,-8.2105,61.36,95,99,4.27
242,Treinta Y Tres,UY,2021-09-28 03:21:02,-33.2333,-54.3833,53.53,97,100,5.46
243,Nacala,MZ,2021-09-28 03:23:19,-14.5428,40.6728,70.0,84,2,3.67
244,Chokurdakh,RU,2021-09-28 03:23:21,70.6333,147.9167,26.62,84,99,18.3
245,Roebourne,AU,2021-09-28 03:23:22,-20.7833,117.1333,83.37,20,97,6.93
246,Alofi,NU,2021-09-28 03:23:24,-19.0595,-169.9187,82.29,69,75,12.66
247,Nikolskoye,RU,2021-09-28 03:23:25,59.7035,30.7861,46.29,96,0,3.38
248,Ashland,US,2021-09-28 03:23:27,40.8167,-82.2665,73.94,65,87,15.12
249,Majene,ID,2021-09-28 03:23:28,-3.5403,118.9707,84.63,69,34,8.88
250,Denia,ES,2021-09-28 03:23:28,38.8408,0.1057,72.84,84,25,1.01
251,Ancud,CL,2021-09-28 03:23:29,-41.8697,-73.8203,40.53,87,90,3.18
252,Saint-Augustin,CA,2021-09-28 03:23:29,51.226,-58.6502,51.31,86,48,13.51
253,Vulcan,RO,2021-09-28 03:23:30,45.3833,23.2667,50.79,83,9,2.15
254,Debno,PL,2021-09-28 03:23:31,52.739,14.698,62.15,96,100,5.03
255,Hanzhong,CN,2021-09-28 03:23:31,33.0728,107.0303,72.57,76,94,0.87
256,Batemans Bay,AU,2021-09-28 03:23:32,-35.7167,150.1833,73.2,38,40,10.13
257,Kemin,KG,2021-09-28 03:23:32,42.7846,75.6892,60.67,49,10,1.19
258,Siparia,TT,2021-09-28 03:23:33,10.1333,-61.5,78.08,92,22,8.84
259,Paita,PE,2021-09-28 03:23:33,-5.0892,-81.1144,64.85,84,5,10.47
260,Rocha,UY,2021-09-28 03:23:34,-34.4833,-54.3333,54.9,98,100,1.74
261,Aginskoye,RU,2021-09-28 03:23:36,51.1,114.53,42.24,44,100,17.96
262,Talara,PE,2021-09-28 03:23:38,-4.5772,-81.2719,64.81,87,10,12.62
263,Oktyabrskiy,RU,2021-09-28 03:23:38,54.4815,53.471,34.72,83,25,14.88
264,Chicama,PE,2021-09-28 03:23:39,-7.8447,-79.1469,57.74,83,20,5.64
265,Bushehr,IR,2021-09-28 03:23:39,28.9684,50.8385,80.62,78,5,0.0
266,Abu Samrah,SY,2021-09-28 03:23:40,35.3029,37.1841,65.23,71,0,8.7
267,Shitanjing,CN,2021-09-28 03:23:40,39.2342,106.3439,72.21,19,0,11.1
268,Thinadhoo,MV,2021-09-28 03:23:41,0.5333,72.9333,83.3,73,81,14.05
269,Guerrero Negro,MX,2021-09-28 03:23:43,27.9769,-114.0611,69.04,73,1,14.7
270,Coihaique,CL,2021-09-28 03:23:43,-45.5752,-72.0662,42.75,70,0,4.61
271,Peace River,CA,2021-09-28 03:22:52,56.2501,-117.286,44.91,93,20,0.0
272,Dwarka,IN,2021-09-28 03:23:44,22.2394,68.9678,83.98,74,95,6.33
273,Carutapera,BR,2021-09-28 03:23:44,-1.195,-46.02,78.6,82,4,7.7
274,Kandrian,PG,2021-09-28 03:23:45,-6.2167,149.55,81.68,81,100,3.22
275,Havelock,US,2021-09-28 03:23:46,34.8791,-76.9013,75.94,78,1,0.0
276,Yar-Sale,RU,2021-09-28 03:23:46,66.8333,70.8333,34.68,77,40,11.21
277,Nishihara,JP,2021-09-28 03:23:47,26.1842,127.7558,85.68,79,75,14.97
278,Berlevag,NO,2021-09-28 03:23:48,70.8578,29.0864,55.4,79,97,15.55
279,Sept-Iles,CA,2021-09-28 03:23:48,50.2001,-66.3821,52.23,95,75,3.44
280,Keuruu,FI,2021-09-28 03:23:49,62.2667,24.7,43.95,94,10,3.67
281,Mayumba,GA,2021-09-28 03:23:50,-3.432,10.6554,75.45,89,100,5.41
282,Shingu,JP,2021-09-28 03:23:50,33.7333,135.9833,79.79,84,79,13.33
283,Araouane,ML,2021-09-28 03:23:51,18.9048,-3.5265,88.09,12,0,9.89
284,Hope,US,2021-09-28 03:23:51,33.6671,-93.5916,73.45,66,100,6.26
285,Soyo,AO,2021-09-28 03:23:52,-6.1349,12.3689,74.46,85,100,6.13
286,Buchanan,LR,2021-09-28 03:23:52,5.8808,-10.0467,75.16,86,100,1.66
287,Bardiyah,LY,2021-09-28 03:23:53,31.7561,25.0865,73.47,73,1,12.84
288,Abu Zabad,SD,2021-09-28 03:23:53,12.35,29.25,76.78,64,90,2.19
289,Teluk Nibung,ID,2021-09-28 03:23:54,3.001,99.8164,77.94,91,100,5.28
290,Porto Novo,BJ,2021-09-28 03:23:55,6.4965,2.6036,78.62,90,71,3.94
291,Walvis Bay,NA,2021-09-28 03:23:55,-22.9575,14.5053,56.08,94,9,6.91
292,Marystown,CA,2021-09-28 03:23:57,47.1666,-55.1483,55.85,100,0,1.01
293,Saint-Pierre,RE,2021-09-28 03:23:57,-21.3393,55.4781,71.24,67,0,4.61
294,Purranque,CL,2021-09-28 03:23:58,-40.9167,-73.1667,40.66,99,63,2.91
295,Natitingou,BJ,2021-09-28 03:23:59,10.3042,1.3796,71.65,87,98,3.83
296,Uyemskiy,RU,2021-09-28 03:23:59,64.4743,40.8524,30.25,93,90,0.0
297,Poykovskiy,RU,2021-09-28 03:23:59,61.2333,73.3333,35.89,93,0,4.47
298,Fortuna,US,2021-09-28 03:24:00,40.5982,-124.1573,57.09,98,90,3.44
299,Erenhot,CN,2021-09-28 03:24:00,43.6475,111.9767,70.75,17,14,25.84
300,Irbeyskoye,RU,2021-09-28 03:24:01,55.6428,95.4522,38.46,84,100,9.93
301,Ibra,OM,2021-09-28 03:24:01,22.6906,58.5334,81.01,54,100,4.12
302,Meulaboh,ID,2021-09-28 03:24:02,4.1363,96.1285,83.23,72,100,11.56
303,Jalu,LY,2021-09-28 03:24:02,29.0331,21.5482,69.31,64,0,7.72
304,Price,US,2021-09-28 03:24:03,39.5994,-110.8107,67.71,32,1,9.22
305,Gavle,SE,2021-09-28 03:24:03,60.6745,17.1417,48.99,95,100,5.01
306,Lata,PT,2021-09-28 03:24:03,40.1629,-8.3327,65.05,94,98,2.73
307,Belozerskoye,RU,2021-09-28 03:24:04,55.8214,65.5842,38.3,69,98,16.69
308,Honiara,SB,2021-09-28 03:24:04,-9.4333,159.95,79.86,85,92,0.56
309,Salinopolis,BR,2021-09-28 03:24:05,-0.6136,-47.3561,78.78,84,4,9.98
310,Cap Malheureux,MU,2021-09-28 03:24:05,-19.9842,57.6142,74.46,68,95,7.0
311,Amalfi,CO,2021-09-28 03:24:06,6.9102,-75.0776,59.34,99,100,3.31
312,Pitimbu,BR,2021-09-28 03:24:06,-7.4706,-34.8086,75.79,84,62,15.64
313,Perote,MX,2021-09-28 03:24:07,19.5667,-97.2333,55.74,91,91,4.59
314,Bazpur,IN,2021-09-28 03:24:07,29.15,79.1167,84.16,64,4,1.88
315,Traverse City,US,2021-09-28 03:24:07,44.7631,-85.6206,57.4,85,82,9.37
316,Akcakoca,TR,2021-09-28 03:24:08,41.0866,31.1162,58.12,82,0,3.98
317,Poum,NC,2021-09-28 03:24:08,-20.2333,164.0167,72.16,71,57,12.53
318,Umm Kaddadah,SD,2021-09-28 03:24:08,13.6017,26.6876,83.77,40,98,2.39
319,Margate,GB,2021-09-28 03:24:09,51.3813,1.3862,55.04,83,3,1.99
320,Iralaya,HN,2021-09-28 03:24:09,15.0,-83.2333,80.44,80,13,6.29
321,Petropavlovsk-Kamchatskiy,RU,2021-09-28 03:20:56,53.0452,158.6483,63.19,34,20,11.18
322,Bull Savanna,JM,2021-09-28 03:24:10,17.8868,-77.5902,78.12,80,17,1.01
323,Banda Aceh,ID,2021-09-28 03:24:10,5.5577,95.3222,79.27,86,100,13.38
324,Atar,MR,2021-09-28 03:24:11,20.5169,-13.0499,90.84,12,0,5.75
325,Port Blair,IN,2021-09-28 03:24:11,11.6667,92.75,81.01,82,98,4.94
326,Neuquen,AR,2021-09-28 03:20:21,-38.9516,-68.0591,46.29,57,0,0.0
327,Leningradskiy,RU,2021-09-28 03:24:12,69.3833,178.4167,25.72,94,100,8.08
328,Iquitos,PE,2021-09-28 03:24:12,-3.7481,-73.2472,77.04,88,0,0.0
329,Istria,RO,2021-09-28 03:24:13,44.5667,28.7167,54.37,61,39,9.04
330,Navrongo,GH,2021-09-28 03:24:14,10.8956,-1.0921,76.44,80,47,6.98
331,Bukachacha,RU,2021-09-28 03:24:14,52.9833,116.9167,46.06,46,37,2.73
332,Tautira,PF,2021-09-28 03:24:15,-17.7333,-149.15,82.42,77,24,16.17
333,Craig,US,2021-09-28 03:24:16,40.5153,-107.5464,68.59,27,1,4.61
334,Waipawa,NZ,2021-09-28 03:24:16,-41.4122,175.5153,52.45,61,100,11.95
335,Russell,US,2021-09-28 03:24:17,32.3502,-85.1999,67.23,93,1,0.0
336,Huarmey,PE,2021-09-28 03:24:18,-10.0681,-78.1522,63.54,84,10,7.29
337,Lanzhou,CN,2021-09-28 03:24:19,36.0564,103.7922,67.28,42,0,1.14
338,Mwinilunga,ZM,2021-09-28 03:24:19,-11.7358,24.4293,61.97,73,44,3.04
339,Urengoy,RU,2021-09-28 03:24:20,65.9667,78.3667,34.5,69,63,3.91
340,Haikou,CN,2021-09-28 03:24:21,20.0458,110.3417,87.93,70,40,8.95
341,Vilhena,BR,2021-09-28 03:24:21,-12.7406,-60.1458,70.38,77,6,4.0
342,Belogorsk,RU,2021-09-28 03:24:22,50.9158,128.4611,61.25,55,44,15.08
343,Ukiah,US,2021-09-28 03:24:22,39.1502,-123.2078,62.13,79,90,10.36
344,Kasangulu,CD,2021-09-28 03:24:22,-4.5911,15.1708,74.34,83,91,1.59
345,Kieta,PG,2021-09-28 03:24:23,-6.2167,155.6333,83.71,73,37,4.25
346,Jamkhandi,IN,2021-09-28 03:24:23,16.5167,75.3,71.53,90,100,11.65
347,Mandalgovi,MN,2021-09-28 03:24:24,45.7625,106.2708,36.77,27,44,24.23
348,Lupeni,RO,2021-09-28 03:24:25,45.3603,23.2383,52.14,83,5,1.5
349,Kirakira,SB,2021-09-28 03:24:26,-10.4544,161.9205,83.46,75,91,8.5
350,Bathsheba,BB,2021-09-28 03:24:27,13.2167,-59.5167,79.41,83,20,5.75
351,Dongli,CN,2021-09-28 03:24:27,23.5656,116.8194,89.58,58,20,4.47
352,Pundaguitan,PH,2021-09-28 03:24:28,6.3711,126.1689,84.94,71,40,10.78
353,Mangan,IN,2021-09-28 03:24:29,27.5167,88.5333,83.41,57,11,3.42
354,Ahipara,NZ,2021-09-28 03:23:09,-35.1667,173.1667,55.96,68,14,13.62
355,Osakarovka,KZ,2021-09-28 03:24:31,50.565,72.5692,40.1,78,100,14.76
356,Ronne,DK,2021-09-28 03:24:31,55.1009,14.7066,58.91,88,90,8.05
357,Emerald,AU,2021-09-28 03:24:32,-23.5333,148.1667,84.34,37,40,16.11
358,Sao Miguel Do Araguaia,BR,2021-09-28 03:24:33,-13.275,-50.1628,79.14,54,27,3.22
359,Tiznit,MA,2021-09-28 03:24:33,29.5833,-9.5,72.66,32,1,2.06
360,Lavrentiya,RU,2021-09-28 03:24:34,65.5833,-171.0,30.78,79,40,1.61
361,Scottsbluff,US,2021-09-28 03:24:35,41.8666,-103.6672,72.79,30,1,4.61
362,Pascagoula,US,2021-09-28 03:24:35,30.3658,-88.5561,73.24,99,75,0.0
363,Yerbogachen,RU,2021-09-28 03:24:36,61.2767,108.0108,37.71,80,100,11.54
364,Puksoozero,RU,2021-09-28 03:24:37,62.5903,40.6066,42.66,89,100,1.5
365,Manzil Salim,TN,2021-09-28 03:24:37,35.8567,8.4765,68.0,80,82,3.58
366,Kloulklubed,PW,2021-09-28 03:24:37,7.0419,134.2556,88.3,71,76,7.65
367,Voh,NC,2021-09-28 03:24:38,-20.9667,164.7,71.91,65,89,7.45
368,Cherskiy,RU,2021-09-28 03:24:38,68.75,161.3,24.1,96,100,14.94
369,Leh,IN,2021-09-28 03:24:39,34.1667,77.5833,57.25,44,18,4.81
370,Yumen,CN,2021-09-28 03:24:39,40.2833,97.2,71.76,13,0,1.52
371,Acari,PE,2021-09-28 03:23:11,-15.4311,-74.6158,65.44,69,16,2.73
372,Paamiut,GL,2021-09-28 03:24:40,61.994,-49.6678,33.78,53,0,5.37
373,Nizhneangarsk,RU,2021-09-28 03:24:41,55.7833,109.55,37.47,54,100,2.82
374,Papara,BR,2021-09-28 03:24:42,-3.9839,-38.7273,81.72,90,6,4.03
375,Tual,ID,2021-09-28 03:24:42,-5.6667,132.75,81.16,83,69,12.97
376,Parbatipur,BD,2021-09-28 03:24:43,25.6649,88.9247,85.84,73,76,6.91
377,Zhengjiatun,CN,2021-09-28 03:24:44,43.5064,123.5064,70.75,65,100,16.35
378,Nanakuli,US,2021-09-28 03:24:44,21.3906,-158.1547,84.15,61,40,9.22
379,Kamaishi,JP,2021-09-28 03:24:45,39.2667,141.8833,74.35,65,99,8.12
380,Toamasina,MG,2021-09-28 03:24:46,-18.1667,49.3833,68.0,94,75,4.61
381,Pedernales,DO,2021-09-28 03:24:46,18.0384,-71.744,80.64,71,100,1.66
382,Tocopilla,CL,2021-09-28 03:24:47,-22.092,-70.1979,61.32,74,17,0.87
383,Nkhata Bay,MW,2021-09-28 03:24:47,-11.6066,34.2907,73.35,58,98,1.7
384,Canutama,BR,2021-09-28 03:24:48,-6.5339,-64.3831,73.15,91,8,1.3
385,Atherton,GB,2021-09-28 03:24:48,53.5237,-2.4935,51.3,89,97,1.99
386,Perumpavur,IN,2021-09-28 03:24:49,10.1333,76.4833,76.91,94,75,3.44
387,Necochea,AR,2021-09-28 03:24:49,-38.5473,-58.7368,39.11,84,0,7.78
388,Manggar,ID,2021-09-28 03:24:50,-2.8833,108.2667,85.68,66,62,11.92
389,Burnie,AU,2021-09-28 03:24:50,-41.0667,145.9167,56.5,63,100,4.59
390,Santo Antonio Do Ica,BR,2021-09-28 03:24:51,-3.1022,-67.9397,72.75,95,17,1.05
391,Chara,RU,2021-09-28 03:24:51,56.9064,118.2631,35.58,56,99,2.62
392,Nattam,IN,2021-09-28 03:24:52,10.2333,78.2333,86.45,62,99,1.79
393,Rock Falls,US,2021-09-28 03:24:52,41.7798,-89.689,68.14,78,1,12.66
394,San Patricio,US,2021-09-28 03:24:52,28.017,-97.5169,82.83,77,37,9.15
395,Agua Dulce,MX,2021-09-28 03:24:53,18.1333,-94.1333,78.76,83,67,5.12
396,Talavera,PH,2021-09-28 03:24:53,15.6167,120.9333,87.6,69,21,1.99
397,Koosa,EE,2021-09-28 03:24:54,58.5255,27.0795,39.2,92,0,4.59
398,Havre-Saint-Pierre,CA,2021-09-28 03:24:54,50.2334,-63.5986,51.8,93,90,5.75
399,Kirovskiy,RU,2021-09-28 03:24:55,45.0917,133.5136,61.68,90,100,4.14
400,Znamenka,RU,2021-09-28 03:24:55,52.4167,41.4311,43.43,83,100,10.11
401,Katobu,ID,2021-09-28 03:24:55,-4.9408,122.5276,88.56,52,46,7.36
402,Campbell,US,2021-09-28 03:23:45,38.9501,-84.3833,73.74,78,1,1.99
403,Pinsk,BY,2021-09-28 03:24:56,52.1229,26.0951,41.94,86,10,4.45
404,Bundaberg,AU,2021-09-28 03:24:57,-24.85,152.35,71.22,61,90,8.01
405,Fairbanks,US,2021-09-28 03:20:03,64.8378,-147.7164,37.4,75,1,2.3
406,Lompoc,US,2021-09-28 03:24:58,34.6391,-120.4579,62.13,90,90,10.36
407,Chinna Salem,IN,2021-09-28 03:24:59,11.65,78.9,82.17,64,100,5.5
408,Mana,GF,2021-09-28 03:24:59,5.6592,-53.7767,79.92,82,21,9.78
409,Itaituba,BR,2021-09-28 03:25:00,-4.2761,-55.9836,70.74,97,100,2.19
410,Phek,IN,2021-09-28 03:25:00,25.6667,94.5,72.72,56,19,2.42
411,Matsuura,JP,2021-09-28 03:25:01,33.3271,129.721,83.05,74,96,1.9
412,Krasnoarmeysk,RU,2021-09-28 03:25:03,51.0239,45.6969,45.28,90,89,7.52
413,Mineral Wells,US,2021-09-28 03:25:03,32.8085,-98.1128,78.53,49,1,9.22
414,Constitucion,CL,2021-09-28 03:25:04,-35.3333,-72.4167,51.35,55,0,5.12
415,Koslan,RU,2021-09-28 03:25:04,63.4564,48.8989,34.66,95,93,2.93
416,Umm Lajj,SA,2021-09-28 03:25:04,25.0213,37.2685,79.74,73,0,10.58
417,Bud,US,2021-09-28 03:25:05,39.447,-86.1758,73.49,76,81,9.35
418,Jacmel,HT,2021-09-28 03:25:05,18.2342,-72.5347,76.84,84,100,3.98
419,Taunggyi,MM,2021-09-28 03:25:06,20.7833,97.0333,72.05,74,60,2.08
420,Arlit,NE,2021-09-28 03:25:07,18.7369,7.3853,82.63,14,0,8.21
421,Polson,US,2021-09-28 03:25:07,47.6936,-114.1632,60.12,79,10,3.6
422,Shimoda,JP,2021-09-28 03:25:08,34.6667,138.95,74.1,67,43,15.48
423,Rathdrum,US,2021-09-28 03:25:08,47.8137,-116.892,54.23,91,90,1.01
424,Roald,NO,2021-09-28 03:25:09,62.5833,6.1333,58.91,76,40,16.11
425,Alghero,IT,2021-09-28 03:25:09,40.5589,8.3181,68.99,94,0,0.0
426,Horta,PT,2021-09-28 03:25:10,38.5333,-28.6333,69.24,84,84,10.69
427,Vitim,RU,2021-09-28 03:25:11,59.4511,112.5578,35.53,100,100,3.09
428,Kijang,KR,2021-09-28 03:25:11,35.2442,129.2139,78.53,80,97,8.25
429,Ocosingo,MX,2021-09-28 03:25:11,17.0667,-92.25,62.24,98,93,3.29
430,Long Xuyen,VN,2021-09-28 03:23:02,10.3833,105.4167,87.75,61,28,6.38
431,Zhanakorgan,KZ,2021-09-28 03:25:12,43.9098,67.2495,62.01,42,0,8.5
432,Comodoro Rivadavia,AR,2021-09-28 03:25:13,-45.8667,-67.5,49.86,40,0,20.71
433,Pangody,RU,2021-09-28 03:25:13,65.85,74.4859,34.48,67,60,3.96
434,Hasaki,JP,2021-09-28 03:25:14,35.7333,140.8333,79.29,57,76,13.42
435,Kananga,CD,2021-09-28 03:25:14,-5.8958,22.4178,66.72,82,79,2.28
436,Saint-Georges,GD,2021-09-28 03:25:14,12.0564,-61.7485,80.28,89,20,0.0
437,Itoman,JP,2021-09-28 03:25:16,26.1247,127.6694,86.4,77,20,19.57
438,Ust-Shonosha,RU,2021-09-28 03:25:16,61.1531,41.343,38.34,98,87,3.29
439,Rudnaya Pristan,RU,2021-09-28 03:25:17,44.3614,135.8116,66.4,70,70,6.35
440,Sangar,RU,2021-09-28 03:25:17,63.9242,127.4739,45.97,50,5,1.92
441,Ovruch,UA,2021-09-28 03:25:18,51.3246,28.8035,42.03,94,32,4.79
442,Bombay,IN,2021-09-28 03:23:12,19.0144,72.8479,80.58,94,90,4.61
443,Broken Hill,AU,2021-09-28 03:25:19,-31.95,141.4333,73.11,17,40,6.91
444,Sibu,MY,2021-09-28 03:25:19,2.3,111.8167,88.11,70,40,0.0
445,Basco,PH,2021-09-28 03:25:19,20.4487,121.9702,84.36,74,13,11.95
446,Bosaso,SO,2021-09-28 03:25:20,11.2842,49.1816,87.71,56,90,3.62
447,Amahai,ID,2021-09-28 03:25:20,-3.3333,128.9167,83.43,74,99,4.94
448,Eyl,SO,2021-09-28 03:25:21,7.9803,49.8164,80.15,66,86,12.97
449,Banepa,NP,2021-09-28 03:25:21,27.6298,85.5214,71.92,83,40,3.44
450,Champerico,GT,2021-09-28 03:25:22,14.3,-91.9167,81.72,83,100,8.41
451,Manzhouli,CN,2021-09-28 03:25:22,49.6,117.4333,46.27,67,93,16.89
452,Severo-Yeniseyskiy,RU,2021-09-28 03:25:22,60.3725,93.0408,33.04,79,100,6.51
453,Moranbah,AU,2021-09-28 03:25:23,-22.0016,148.0466,85.82,29,0,17.67
454,Abha,SA,2021-09-28 03:25:25,18.2164,42.5053,64.22,26,0,0.0
455,Asau,RO,2021-09-28 03:25:25,46.4333,26.4,53.96,77,70,1.36
456,Timizart,DZ,2021-09-28 03:25:26,36.8,4.2667,65.88,81,96,3.62
457,Zelenoborskiy,RU,2021-09-28 03:25:28,66.845,32.3622,46.22,88,79,4.27
458,Jalingo,NG,2021-09-28 03:25:28,8.8833,11.3667,72.91,95,100,3.8
459,Chitipa,MW,2021-09-28 03:25:30,-9.7024,33.2697,65.03,64,55,6.04
460,Moju,BR,2021-09-28 03:25:31,-1.8839,-48.7689,73.47,95,16,2.86
461,Nanchital,MX,2021-09-28 03:25:31,18.0667,-94.4,77.97,85,65,4.68
462,Safaga,EG,2021-09-28 03:25:32,26.7292,33.9365,77.99,48,0,15.01
463,Catuday,PH,2021-09-28 03:25:34,16.2923,119.8062,83.79,72,49,4.27
464,Kjollefjord,NO,2021-09-28 03:22:12,70.9457,27.3465,55.22,67,0,17.27
465,San Ramon,US,2021-09-28 03:22:54,37.7799,-121.978,67.53,87,90,5.01
466,Indianola,US,2021-09-28 03:24:36,41.3581,-93.5574,73.56,66,0,8.37
467,Sawtell,AU,2021-09-28 03:25:35,-30.3833,153.1,71.19,59,40,8.99
468,Maldonado,UY,2021-09-28 03:25:36,-34.6667,-54.9167,58.39,95,100,6.71
469,Khandyga,RU,2021-09-28 03:25:36,62.6667,135.6,46.63,44,2,10.29
470,Maningrida,AU,2021-09-28 03:25:37,-12.0667,134.2667,89.38,51,43,12.46
471,Mareeba,AU,2021-09-28 03:25:37,-17.0,145.4333,84.43,58,70,10.51
472,Codrington,AU,2021-09-28 03:25:38,-38.2667,141.9667,67.8,57,94,5.55
473,Labuhan,ID,2021-09-28 03:25:38,-6.8844,112.2051,87.48,53,66,3.42
474,Coahuayana,MX,2021-09-28 03:25:39,18.7333,-103.6833,78.35,88,99,2.42
475,Ames,US,2021-09-28 03:22:43,42.0347,-93.6199,76.91,72,1,0.0
476,Grindavik,IS,2021-09-28 03:25:39,63.8424,-22.4338,37.87,75,75,17.27
477,Guiren,CN,2021-09-28 03:25:40,33.6697,118.1889,79.36,71,93,4.56
478,Esperance,AU,2021-09-28 03:25:40,-33.8667,121.9,62.44,76,94,15.3
479,Robertsport,LR,2021-09-28 03:25:40,6.7533,-11.3686,77.36,79,100,5.5
480,Vanimo,PG,2021-09-28 03:25:41,-2.6741,141.3028,84.07,78,92,7.02
481,Perry,US,2021-09-28 03:23:47,37.2506,-83.1999,69.94,82,34,4.29
482,Zhovkva,UA,2021-09-28 03:25:41,50.0583,23.9726,47.41,89,4,6.62
483,Tarrega,ES,2021-09-28 03:25:42,41.647,1.1396,65.93,75,38,3.83
484,Upata,VE,2021-09-28 03:25:42,8.0086,-62.3989,71.38,90,36,3.06
485,Aldan,RU,2021-09-28 03:25:43,58.6031,125.3894,34.95,98,100,5.5
486,Narsaq,GL,2021-09-28 03:25:44,60.9167,-46.05,30.42,44,0,3.69
487,Okhotsk,RU,2021-09-28 03:25:45,59.3833,143.3,45.81,88,100,8.59
488,Sibolga,ID,2021-09-28 03:25:45,1.7427,98.7792,84.99,65,98,4.0
489,Biskamzha,RU,2021-09-28 03:25:46,53.4497,89.5272,34.97,68,94,3.89
490,Bhum,IN,2021-09-28 03:25:47,18.4667,75.6667,69.94,97,100,16.24
491,Vestmannaeyjar,IS,2021-09-28 03:25:47,63.4427,-20.2734,36.97,76,37,21.09
492,Awjilah,LY,2021-09-28 03:25:48,29.1081,21.2869,69.48,64,0,8.37
493,Neiafu,TO,2021-09-28 03:25:48,-18.65,-173.9833,79.48,73,40,9.22
494,Baraboo,US,2021-09-28 03:21:57,43.4711,-89.7443,62.74,78,1,5.75
495,Akhnur,IN,2021-09-28 03:25:49,32.8667,74.7333,81.5,61,8,2.39
496,Chippewa Falls,US,2021-09-28 03:21:24,44.9369,-91.3929,57.96,84,1,3.44
497,Ginda,IN,2021-09-28 03:25:50,30.6945,78.4932,70.57,68,0,1.28
498,Santa Maria,BR,2021-09-28 03:25:50,-29.6842,-53.8069,61.9,100,20,1.14
499,Olafsvik,IS,2021-09-28 03:25:50,64.8945,-23.7142,39.78,77,80,21.07
500,Ponta Delgada,PT,2021-09-28 03:22:49,37.7333,-25.6667,70.5,88,20,4.61
501,Plouzane,FR,2021-09-28 03:25:51,48.3833,-4.6167,57.25,91,0,9.22
502,Awbari,LY,2021-09-28 03:25:51,26.5921,12.7805,70.2,29,0,4.29
503,Taltal,CL,2021-09-28 03:25:52,-25.4,-70.4833,61.29,69,17,4.36
504,Lagoa,PT,2021-09-28 03:25:54,39.05,-27.9833,68.29,79,52,15.43
505,Pandan,PH,2021-09-28 03:25:56,14.0453,124.1694,86.43,67,97,4.61
506,Cuauhtemoc,MX,2021-09-28 03:21:46,28.4167,-106.8667,52.72,62,23,7.49
507,The Valley,AI,2021-09-28 03:25:58,18.217,-63.0578,82.26,63,0,11.05
508,Little Current,CA,2021-09-28 03:26:00,45.9793,-81.9248,55.49,71,47,15.84
509,Tirodi,IN,2021-09-28 03:26:01,21.6833,79.7,77.83,88,65,14.23
510,Jonesboro,US,2021-09-28 03:22:28,35.8423,-90.7043,67.68,77,1,0.0
511,Galle,LK,2021-09-28 03:26:01,6.0367,80.217,80.6,83,97,17.36
512,Betsiamites,CA,2021-09-28 03:26:02,48.9413,-68.646,51.49,89,99,8.57
513,Florence,IT,2021-09-28 03:26:03,43.7667,11.25,64.54,95,27,1.14
514,Barra Do Garcas,BR,2021-09-28 03:26:04,-15.89,-52.2567,77.23,53,5,1.7
515,Monticello,US,2021-09-28 03:26:05,45.3055,-93.7941,63.9,84,1,3.44
516,Beira,MZ,2021-09-28 03:26:06,-19.8436,34.8389,68.09,100,40,4.61
517,Kuytun,RU,2021-09-28 03:26:06,54.3419,101.5036,36.0,81,100,11.25
518,Bulgan,MN,2021-09-28 03:26:07,48.8125,103.5347,34.63,56,54,1.48
519,Virginia Beach,US,2021-09-28 03:24:10,36.8529,-75.978,71.01,74,1,9.22
520,Songjianghe,CN,2021-09-28 03:26:08,42.1859,127.479,68.2,59,74,3.78
521,Batsfjord,NO,2021-09-28 03:26:09,70.6345,29.7185,50.22,80,97,18.88
522,Loikaw,MM,2021-09-28 03:26:09,19.6742,97.2094,74.48,84,95,2.53
523,Ola,RU,2021-09-28 03:26:10,59.5833,151.2833,47.07,78,100,8.05
524,Morros,BR,2021-09-28 03:26:10,-9.4467,-46.3003,83.14,41,100,7.23
525,Barillas,GT,2021-09-28 03:26:11,15.8036,-91.3158,64.74,98,98,0.85
526,Rodino,RU,2021-09-28 03:26:11,52.5,80.25,39.22,62,100,11.92
527,Hue,VN,2021-09-28 03:26:12,16.4667,107.6,87.91,70,20,5.75
528,Havre,FR,2021-09-28 03:26:12,49.5833,0.3333,55.17,82,0,8.05
529,Makakilo City,US,2021-09-28 03:26:13,21.3469,-158.0858,82.72,63,40,9.22
530,Anadyr,RU,2021-09-28 03:26:14,64.75,177.4833,32.5,100,90,6.71
531,Polyarnyy,RU,2021-09-28 03:26:15,69.1989,33.4478,32.47,89,94,11.18
532,Nalut,LY,2021-09-28 03:26:15,30.3333,10.85,74.1,22,9,9.35
533,Rawlins,US,2021-09-28 03:23:15,41.7911,-107.2387,55.29,21,1,3.44
534,Kharitonovo,RU,2021-09-28 03:26:16,61.4009,47.4978,32.18,92,38,2.01
535,Kodinsk,RU,2021-09-28 03:26:17,58.6881,99.1844,36.39,90,100,7.16
536,Floro,NO,2021-09-28 03:26:18,61.5996,5.0328,53.56,82,40,16.11
537,Derzhavinsk,KZ,2021-09-28 03:26:19,51.1,66.3167,49.84,73,12,9.37
538,Guarapari,BR,2021-09-28 03:26:19,-20.6667,-40.4975,75.09,91,98,9.89
539,Zyryanovsk,KZ,2021-09-28 03:26:20,49.7386,84.2719,45.5,56,100,2.08
540,Santa Helena De Goias,BR,2021-09-28 03:26:20,-17.8136,-50.5969,80.06,41,1,2.39
541,Sorland,NO,2021-09-28 03:26:20,67.667,12.6934,59.07,84,13,21.18
542,Atagay,RU,2021-09-28 03:26:21,55.1033,99.3875,36.36,95,100,8.28
543,Ankara,TR,2021-09-28 03:24:17,39.9199,32.8543,54.21,82,0,2.3
544,Kovdor,RU,2021-09-28 03:26:21,67.5662,30.4758,40.96,89,63,5.3
545,Verkhnetulomskiy,RU,2021-09-28 03:26:22,68.6073,31.7962,32.13,94,92,5.59
546,Sisimiut,GL,2021-09-28 03:26:22,66.9395,-53.6735,29.14,44,0,14.38
547,Husavik,IS,2021-09-28 03:26:23,66.0449,-17.3389,35.51,96,100,12.8
548,Tabas,IR,2021-09-28 03:26:24,33.5959,56.9244,76.5,24,0,1.68
549,Haines Junction,CA,2021-09-28 03:26:24,60.7522,-137.5108,33.75,60,100,6.91
550,Muscat,OM,2021-09-28 03:25:34,23.6139,58.5922,86.02,60,63,0.58
551,San Carlos De Bariloche,AR,2021-09-28 03:26:25,-41.1456,-71.3082,40.44,45,0,5.75
552,Puerto Ayacucho,VE,2021-09-28 03:26:25,5.6639,-67.6236,76.08,89,95,2.33
553,Lukulu,ZM,2021-09-28 03:26:26,-14.3707,23.242,63.03,46,10,3.71
554,Samana,DO,2021-09-28 03:26:26,19.2056,-69.3369,77.76,90,89,4.56
555,Yarim,YE,2021-09-28 03:26:27,14.298,44.3779,56.08,43,20,4.54
556,Half Moon Bay,US,2021-09-28 03:26:27,37.4636,-122.4286,68.58,89,75,1.01
557,Svetlyy,RU,2021-09-28 03:26:28,54.675,20.1347,41.05,91,55,11.34
558,Bowen,AU,2021-09-28 03:26:28,-20.0167,148.2333,79.02,63,2,17.0
559,Salalah,OM,2021-09-28 03:26:29,17.0151,54.0924,78.89,89,40,3.44
560,Zhezkazgan,KZ,2021-09-28 03:26:29,47.8043,67.7144,54.23,78,100,8.66
561,Richards Bay,ZA,2021-09-28 03:26:31,-28.783,32.0377,69.66,79,91,13.56
562,Touros,BR,2021-09-28 03:26:31,-5.1989,-35.4608,77.9,85,67,15.03
563,Agirish,RU,2021-09-28 03:26:32,61.9247,63.0231,32.99,80,100,1.57
564,Essenbach,DE,2021-09-28 03:26:32,48.6167,12.2167,58.77,93,65,4.92
565,Kenai,US,2021-09-28 03:26:33,60.5544,-151.2583,48.29,44,1,5.75
566,Tetouan,MA,2021-09-28 03:26:33,35.5711,-5.3724,65.19,88,0,2.3
567,Bairiki,KI,2021-09-28 03:26:34,1.3292,172.9752,87.8,66,75,11.5
568,Kyra,RU,2021-09-28 03:26:34,49.5776,111.9753,41.74,45,100,15.77
569,Tambura,SS,2021-09-28 03:25:18,5.6,27.4667,68.54,95,99,0.36
570,Manakara,MG,2021-09-28 03:26:36,-22.1333,48.0167,66.45,86,12,3.36
571,Tacuarembo,UY,2021-09-28 03:26:37,-31.7333,-55.9833,59.32,96,8,6.49
572,Tambacounda,SN,2021-09-28 03:26:37,13.7539,-13.7586,73.45,94,0,6.91
573,Moers,DE,2021-09-28 03:23:10,51.45,6.65,54.32,97,0,5.75
574,Acapulco,MX,2021-09-28 03:26:06,16.8634,-99.8901,79.61,84,89,7.54
575,Cordoba,AR,2021-09-28 03:21:40,-31.4135,-64.1811,56.75,75,75,5.01
576,Moose Factory,CA,2021-09-28 03:26:38,51.2585,-80.6094,46.4,93,90,4.61
577,Namibe,AO,2021-09-28 03:26:39,-15.1961,12.1522,62.13,89,30,3.87
578,Puerto Maldonado,PE,2021-09-28 03:26:39,-12.6,-69.1833,81.52,53,53,1.12
579,Saint Anthony,US,2021-09-28 03:26:40,45.0205,-93.218,64.15,73,1,0.0
580,Togul,RU,2021-09-28 03:26:40,53.465,85.9128,35.28,85,84,6.17
581,Timra,SE,2021-09-28 03:26:41,62.487,17.3257,52.68,89,90,13.8
582,Agartala,IN,2021-09-28 03:26:41,23.8364,91.275,80.62,94,75,2.3
583,Coxim,BR,2021-09-28 03:26:42,-18.5067,-54.76,82.96,41,41,3.51
584,Marmarion,GR,2021-09-28 03:26:42,38.0484,24.3204,75.52,67,4,11.83
585,Burlington,US,2021-09-28 03:21:49,39.8835,-74.6413,70.92,75,1,4.61
586,Sooke,CA,2021-09-28 03:26:43,48.3746,-123.7276,54.97,90,2,6.91
587,Imeni Babushkina,RU,2021-09-28 03:26:44,59.7573,43.1285,33.66,97,11,4.29
588,Naples,IT,2021-09-28 03:26:44,40.8333,14.25,73.74,93,0,4.0
589,Mandera,KE,2021-09-28 03:26:44,3.9366,41.867,74.71,67,19,9.19
590,Cap-Aux-Meules,CA,2021-09-28 03:26:45,47.3821,-61.8597,59.02,82,60,12.66
591,Pyapon,MM,2021-09-28 03:26:46,16.2833,95.6833,83.32,79,99,8.72
592,Tigil,RU,2021-09-28 03:26:46,57.8,158.6667,47.95,61,99,14.81
593,Scarborough,GB,2021-09-28 03:24:52,54.2797,-0.4044,50.52,86,55,4.0
594,Batagay-Alyta,RU,2021-09-28 03:26:47,67.8006,130.4114,32.23,73,97,8.39
595,Kalmunai,LK,2021-09-28 03:26:47,7.4167,81.8167,84.36,58,100,8.48
596,Catamarca,AR,2021-09-28 03:26:49,-28.4696,-65.7852,72.05,54,0,0.72
597,Mgachi,RU,2021-09-28 03:26:49,51.05,142.2667,58.68,94,100,13.78
598,Feuchtwangen,DE,2021-09-28 03:26:50,49.1667,10.3333,56.32,88,59,4.0
599,Morant Bay,JM,2021-09-28 03:26:51,17.8815,-76.4093,82.02,77,83,5.59
600,Miandrivazo,MG,2021-09-28 03:26:51,-19.5167,45.4667,73.92,46,7,4.09
601,Kibala,TD,2021-09-28 03:26:52,9.1104,18.3463,75.15,94,20,0.0
602,Flers,FR,2021-09-28 03:23:40,48.7372,-0.5747,48.45,88,100,4.61
603,Verkhoyansk,RU,2021-09-28 03:26:53,67.5447,133.385,36.39,68,90,8.1
604,Coos Bay,US,2021-09-28 03:26:53,43.3665,-124.2179,55.99,94,75,12.66
605,Meadow Lake,US,2021-09-28 03:26:53,34.8014,-106.5436,65.3,47,31,8.72
606,Krasnoselkup,RU,2021-09-28 03:26:54,65.7,82.4667,35.4,66,62,9.04
607,Kalamare,BW,2021-09-28 03:26:55,-22.9337,26.5703,65.64,35,0,7.49
608,Denpasar,ID,2021-09-28 03:25:37,-8.65,115.2167,83.86,74,20,16.11
609,Sasykoli,RU,2021-09-28 03:26:55,47.5515,46.9968,47.23,93,9,8.19
610,Sechura,PE,2021-09-28 03:26:56,-5.5569,-80.8222,64.54,82,6,10.76
611,Tura,IN,2021-09-28 03:26:56,25.5198,90.2201,83.82,70,29,2.01
612,Suleja,NG,2021-09-28 03:26:57,9.1758,7.1808,70.79,96,100,2.62
613,Hirara,JP,2021-09-28 03:26:57,24.8,125.2833,87.66,70,75,11.5
614,Xiongyue,CN,2021-09-28 03:26:58,40.1774,122.1228,71.17,65,100,3.31
615,Sioux Lookout,CA,2021-09-28 03:26:59,50.1001,-91.917,57.58,62,75,3.44
616,Razdolinsk,RU,2021-09-28 03:27:01,58.4211,94.6658,36.7,78,100,5.53
617,Brae,GB,2021-09-28 03:27:03,60.3964,-1.353,51.71,80,1,18.7
618,Madera,US,2021-09-28 03:27:02,37.1666,-119.8343,74.19,47,0,8.34
619,Maceio,BR,2021-09-28 03:24:01,-9.6658,-35.7353,80.04,78,75,8.05
620,Bilibino,RU,2021-09-28 03:27:04,68.0546,166.4372,21.0,95,100,11.05
621,Luganville,VU,2021-09-28 03:27:04,-15.5333,167.1667,79.7,81,82,11.25
622,Olesnica,PL,2021-09-28 03:27:04,51.2134,17.3899,57.27,89,100,4.32
623,Hamilton,US,2021-09-28 03:26:01,39.1834,-84.5333,74.23,74,1,3.0
624,Aksay,RU,2021-09-28 03:27:05,47.26,39.87,57.25,41,100,11.01
625,Takoradi,GH,2021-09-28 03:27:05,4.8845,-1.7554,75.09,91,100,5.61
626,Dudinka,RU,2021-09-28 03:27:07,69.4058,86.1778,33.73,65,100,1.23
627,Kavaratti,IN,2021-09-28 03:27:07,10.5669,72.642,81.64,78,100,20.6
628,Shetpe,KZ,2021-09-28 03:27:08,44.1667,52.1167,52.92,71,23,7.63
629,Southbridge,US,2021-09-28 03:27:08,42.0751,-72.0334,68.38,87,93,11.9
630,Maniitsoq,GL,2021-09-28 03:27:08,65.4167,-52.9,33.98,42,0,8.39
631,Shakawe,BW,2021-09-28 03:27:09,-18.3667,21.85,65.21,23,0,4.83
632,Ostrovnoy,RU,2021-09-28 03:27:09,68.0531,39.5131,45.3,89,99,7.29
633,Tazovskiy,RU,2021-09-28 03:27:10,67.4667,78.7,34.52,70,97,4.56
634,Seymchan,RU,2021-09-28 03:27:10,62.8833,152.4333,31.55,61,100,5.41
635,Nelson Bay,AU,2021-09-28 03:27:11,-32.7167,152.15,75.78,56,12,3.0
636,San Vicente,AR,2021-09-28 03:27:11,-26.6167,-54.1333,70.61,48,52,1.05
637,Segou,ML,2021-09-28 03:27:12,13.4317,-6.2157,79.25,63,1,7.83
638,Nador,MA,2021-09-28 03:27:12,35.174,-2.9287,62.85,100,75,0.0
639,Dandong,CN,2021-09-28 03:27:13,40.1292,124.3947,72.43,64,100,3.15
640,Arica,CL,2021-09-28 03:27:13,-18.475,-70.3042,61.03,72,90,3.44
641,Kudahuvadhoo,MV,2021-09-28 03:27:14,2.6708,72.8944,82.96,78,99,15.61
642,Pimentel,PE,2021-09-28 03:27:14,-6.8367,-79.9342,63.25,87,23,11.63
643,Nueva Gerona,CU,2021-09-28 03:27:15,21.8833,-82.8,83.23,60,5,16.69
644,Tvoroyri,FO,2021-09-28 03:27:15,61.5556,-6.8111,47.59,80,72,22.3
645,Alice Springs,AU,2021-09-28 03:27:16,-23.7,133.8833,87.35,11,39,8.05
646,Leshukonskoye,RU,2021-09-28 03:27:16,64.8989,45.7622,40.28,96,95,4.43
647,San Luis,AR,2021-09-28 03:27:17,-33.295,-66.3356,52.39,77,2,17.72
648,Enshi,CN,2021-09-28 03:27:18,30.3,109.4833,81.48,75,43,2.51
649,Lasa,IT,2021-09-28 03:27:18,46.6166,10.7002,51.03,78,2,4.85
650,Malakal,SS,2021-09-28 03:27:19,9.5334,31.6605,72.16,87,72,0.49
651,Tilichiki,RU,2021-09-28 03:27:19,60.4667,166.1,42.78,55,100,8.66
652,Tahta,EG,2021-09-28 03:27:21,26.7693,31.5021,71.73,46,0,6.89
653,Ialibu,PG,2021-09-28 03:27:21,-6.2821,143.9935,63.34,93,98,2.1
654,Nome,US,2021-09-28 03:27:21,64.5011,-165.4064,39.27,57,1,5.75
655,Saint-Francois,FR,2021-09-28 03:27:22,46.4154,3.9054,46.67,100,20,3.44
656,Astolfo Dutra,BR,2021-09-28 03:27:23,-21.3153,-42.8622,70.66,91,49,3.36
657,Vedasandur,IN,2021-09-28 03:27:24,10.5333,77.95,81.45,58,100,3.83
658,Mulege,MX,2021-09-28 03:27:25,26.8833,-111.9833,83.71,63,5,2.68
659,Luau,AO,2021-09-28 03:27:26,-10.7073,22.2247,63.43,88,100,4.09
660,Costinesti,RO,2021-09-28 03:27:27,43.95,28.6333,56.71,62,47,10.63
661,Los Llanos De Aridane,ES,2021-09-28 03:27:27,28.6585,-17.9182,69.55,83,20,13.8
662,Laguna,US,2021-09-28 03:27:29,38.421,-121.4238,73.45,78,75,7.0
663,Imeni Poliny Osipenko,RU,2021-09-28 03:27:30,52.4201,136.4853,66.42,41,2,5.3
664,Vangaindrano,MG,2021-09-28 03:27:31,-23.35,47.6,67.75,83,80,3.2
665,Amapa,BR,2021-09-28 03:27:32,1.0,-52.0,70.38,86,3,2.46
666,Qandala,SO,2021-09-28 03:27:32,11.472,49.8728,87.31,53,69,2.01
667,Hualmay,PE,2021-09-28 03:27:32,-11.0964,-77.6139,62.4,83,20,7.83
668,Dubna,RU,2021-09-28 03:27:33,56.7333,37.1667,43.27,83,100,7.4
669,Sao Felix Do Xingu,BR,2021-09-28 03:27:34,-6.6447,-51.995,71.17,93,10,1.45
670,Durant,US,2021-09-28 03:27:34,33.994,-96.3708,74.52,65,1,3.44
671,Gijon,ES,2021-09-28 03:23:07,43.5357,-5.6615,60.8,90,100,3.0
672,Caraquet,CA,2021-09-28 03:27:35,47.7941,-64.9386,54.34,92,98,9.37
673,Russkiy Aktash,RU,2021-09-28 03:27:35,55.0384,52.1214,36.75,84,12,14.2
674,Vaitape,PF,2021-09-28 03:27:37,-16.5167,-151.75,79.38,77,24,17.72
675,Suntar,RU,2021-09-28 03:27:37,62.1444,117.6319,40.01,65,56,11.61
676,Lahat,ID,2021-09-28 03:27:38,-3.8,103.5333,83.7,74,93,2.35
677,Tuatapere,NZ,2021-09-28 03:27:39,-46.1333,167.6833,55.81,55,97,5.5
678,Hartford,US,2021-09-28 03:23:50,41.7668,-72.7662,71.42,81,1,1.99
679,Madang,PG,2021-09-28 03:27:40,-5.2246,145.7966,80.42,84,93,2.1
680,Kinsale,IE,2021-09-28 03:23:02,51.7075,-8.5306,52.23,87,75,6.91
681,Curitibanos,BR,2021-09-28 03:27:40,-27.2828,-50.5844,58.41,99,3,3.22
682,Diu,IN,2021-09-28 03:27:41,20.7141,70.9822,80.37,82,97,4.7
683,Homer,US,2021-09-28 03:27:42,59.6425,-151.5483,47.8,56,20,3.44
684,Nerja,ES,2021-09-28 03:27:42,36.7585,-3.8873,70.48,65,70,1.99
685,Nakanojo,JP,2021-09-28 03:27:43,36.5833,138.85,77.63,59,70,5.06
686,Alta Floresta,BR,2021-09-28 03:27:43,-9.8756,-56.0861,69.31,95,97,3.83
687,Cajati,BR,2021-09-28 03:27:44,-24.7361,-48.1228,63.63,93,29,1.41
688,Bandarbeyla,SO,2021-09-28 03:25:17,9.4942,50.8122,78.26,79,47,15.79
689,Papetoai,PF,2021-09-28 03:27:45,-17.4961,-149.8729,81.99,72,5,16.35
690,Ust-Tsilma,RU,2021-09-28 03:27:45,65.441,52.1498,41.99,91,100,5.17
691,Manta,EC,2021-09-28 03:27:47,-0.95,-80.7333,71.38,83,90,12.66
692,Anaconda,US,2021-09-28 03:27:49,46.1285,-112.9423,70.79,24,27,6.24
693,Burns Lake,CA,2021-09-28 03:27:49,54.2331,-125.7533,44.02,69,100,4.83
694,Kokuy,RU,2021-09-28 03:27:50,52.2037,117.5529,46.74,47,100,7.67
695,Mocajuba,BR,2021-09-28 03:27:50,-2.5842,-49.5072,74.03,88,8,2.17
696,Odweyne,SO,2021-09-28 03:27:51,9.4092,45.064,74.03,50,74,9.53
697,Yuzhno-Kurilsk,RU,2021-09-28 03:27:51,44.0306,145.8556,61.16,74,86,14.85
698,Montmagny,FR,2021-09-28 03:27:52,48.9734,2.3469,52.99,88,0,3.44
699,Kaeo,NZ,2021-09-28 03:27:53,-35.1,173.7833,63.32,53,9,11.7
